nctId,briefTitle,phases,mvp_outcome_label,mvp_outcome_confidence
NCT00799903,"LPL100601, A Clinical Outcomes Study of Darapladib Versus Placebo in Subjects With Chronic Coronary Heart Disease to Compare the Incidence of Major Adverse Cardiovascular Events (MACE)",PHASE3,UNCLEAR,LOW
NCT01000727,A Clinical Outcomes Study of Darapladib Versus Placebo in Subjects Following Acute Coronary Syndrome to Compare the Incidence of Major Adverse Cardiovascular Events (MACE).,PHASE3,UNCLEAR,LOW
NCT01687998,Assessment of Clinical Effects of Cholesteryl Ester Transfer Protein Inhibition With Evacetrapib in Patients at a High-Risk for Vascular Outcomes,PHASE3,UNCLEAR,LOW
NCT01130246,VISTA-16 Trial: Evaluation of the Safety and Efficacy of Short-Term A-002 Treatment in Subjects With Acute Coronary Syndromes,PHASE3,UNCLEAR,LOW
NCT00658515,"A Randomized, Double-blind, Placebo-controlled Study Assessing the Effect of RO4607381 on Cardiovascular Mortality and Morbidity in Clinically Stable Patients With a Recent Acute Coronary Syndrome",PHASE3,UNCLEAR,LOW
NCT00134264,"Phase 3 Multi Center, Double Blind, Randomized, Parallel Group Evaluation Of The Fixed Combination Torcetrapib/Atorvastatin, Administered Orally, Once Daily (Qd), Compared With Atorvastatin Alone, On The Occurrence Of Major Cardiovascular Events In Subjects With Coronary Heart Disease Or Risk Equivalents",PHASE3,UNCLEAR,LOW
NCT02145468,A Clinical Outcomes Study to Compare the Incidence of Major Adverse Cardiovascular Events in Subjects Presenting With Acute Coronary Syndrome Treated With Losmapimod Compared to Placebo (PM1116197) LosmApimod To Inhibit p38 MAP Kinase as a TherapeUtic Target and moDify Outcomes After an Acute Coronary syndromE (LATITUDE)-TIMI 60.,PHASE3,UNCLEAR,LOW
NCT00185146,Effect of Pactimibe on the Progression of Atherosclerosis as Measured by 2-D and 3-D Carotid Ultrasound,PHASE2,UNCLEAR,LOW
NCT01975376,"Phase 3 Multi-center, Double-blind, Randomized, Placebo-controlled, Parallel Group Evaluation Of The Efficacy, Safety, And Tolerability Of Bococizumab (Pf-04950615) In Reducing The Occurrence Of Major Cardiovascular Events In High Risk Subjects.",PHASE3,UNCLEAR,LOW
